{"a": 1.3417822967524309, "b": 0.5871824375153606, "c": 0.6478774425070506}