{
  "stat": "AST",
  "n_test": 5711,
  "n_calibration_samples": 27526,
  "residual_std": 1.83,
  "before_bias": 0.0159,
  "after_bias": -0.0,
  "a": 1.4094986467415995,
  "b": 0.5579542391646729,
  "c": 0.6460339312439277
}