{"a": 1.4094986467415995, "b": 0.5579542391646729, "c": 0.6460339312439277}