{"a": 1.488966839826981, "b": 0.49436865536869284, "c": 0.8914647197789751}