{
  "stat": "BLK",
  "n_test": 5706,
  "n_calibration_samples": 5706,
  "residual_std": 0.7453,
  "before_bias": 0.035,
  "after_bias": 0.0,
  "a": 1.3930439219369242,
  "b": 0.41955423932547775,
  "c": 0.5428948782952417
}