{"a": 1.2137336868899347, "b": -0.5090636120671447, "c": -1.2121305188397535}