{
  "stat": "BLK",
  "n_test": 5711,
  "n_calibration_samples": 5711,
  "residual_std": 0.7453,
  "before_bias": 0.0351,
  "after_bias": 0.0,
  "a": 1.3869277955894237,
  "b": 0.42979518242394066,
  "c": 0.5299242936444939
}