{"a": 1.3306929055517305, "b": 0.5919849300452623, "c": 0.40938390805227176}