{"a": 1.2108278544432998, "b": 0.7120633732305705, "c": 0.22528577027719215}