{
  "stat": "FG3M",
  "n_test": 5711,
  "n_calibration_samples": 10794,
  "residual_std": 1.2356,
  "before_bias": 0.008,
  "after_bias": -0.0,
  "a": 0.9290218533990582,
  "b": 0.810147802268093,
  "c": 0.05137604098939878
}