{"a": 0.7731197139676911, "b": 0.940447529911045, "c": -0.12636606721282764}