{
  "stat": "FG3M",
  "n_test": 5706,
  "n_calibration_samples": 10789,
  "residual_std": 1.2356,
  "before_bias": 0.0078,
  "after_bias": -0.0001,
  "a": 0.9293694354094345,
  "b": 0.8107370749516928,
  "c": 0.05198617166179797
}