{"a": 1.1028606687906135, "b": 0.7421952679692163, "c": 0.2895906518150927}