{"a": 0.9290218533990582, "b": 0.810147802268093, "c": 0.05137604098939878}