{"a": 1.1125725373598825, "b": 0.40152065284854366, "c": 0.5879112151893263}