{
  "stat": "FTM",
  "n_test": 5706,
  "n_calibration_samples": 22432,
  "residual_std": 1.957,
  "before_bias": -0.008,
  "after_bias": 0.0,
  "a": 1.176083359312798,
  "b": 0.3844190286986214,
  "c": 0.6438158656472905
}