{"a": 1.2315607876828956, "b": 0.3100145731420102, "c": 0.7627817084118941}