{"a": 1.1776301596945318, "b": 0.3869018140496232, "c": 0.6433487756692775}