{
  "stat": "FTM",
  "n_test": 5711,
  "n_calibration_samples": 22450,
  "residual_std": 1.957,
  "before_bias": -0.0078,
  "after_bias": 0.0,
  "a": 1.1776301596945318,
  "b": 0.3869018140496232,
  "c": 0.6433487756692775
}