{"a": 1.314914840621487, "b": 0.5474774129339428, "c": 0.7089610968509102}