{"a": 1.4581000890427382, "b": 0.4781464216532857, "c": 0.8983049325636142}