{"a": 1.2657079524701358, "b": 0.5462556806966595, "c": 0.6021937070424481}