{
  "stat": "PA",
  "n_test": 5711,
  "n_calibration_samples": 157186,
  "residual_std": 6.6197,
  "before_bias": 0.004,
  "after_bias": 0.0,
  "a": 1.2657079524701358,
  "b": 0.5462556806966595,
  "c": 0.6021937070424481
}