{
  "stat": "PA",
  "n_test": 5706,
  "n_calibration_samples": 157064,
  "residual_std": 6.6197,
  "before_bias": 0.0038,
  "after_bias": 0.0,
  "a": 1.2668809811972748,
  "b": 0.5447030581180339,
  "c": 0.6066770912724005
}