{"a": 1.2014672118442882, "b": 0.6341515645168134, "c": 0.4331873648080008}