{"a": 1.2656895873748786, "b": 0.6342820055806075, "c": 0.5735246293377371}