{"a": 1.398880777642642, "b": 0.5519317018988218, "c": 0.7749360420956062}