{
  "stat": "PR",
  "n_test": 5706,
  "n_calibration_samples": 171626,
  "residual_std": 7.1771,
  "before_bias": 0.0076,
  "after_bias": 0.0,
  "a": 1.2035359908808039,
  "b": 0.6306519271585336,
  "c": 0.4400232360243349
}