{
  "stat": "PR",
  "n_test": 5711,
  "n_calibration_samples": 171751,
  "residual_std": 7.1771,
  "before_bias": 0.0078,
  "after_bias": 0.0,
  "a": 1.2014672118442882,
  "b": 0.6341515645168134,
  "c": 0.4331873648080008
}