{"a": 1.1645770780453524, "b": 0.6612607065283566, "c": 0.3853301841089053}