{
  "stat": "PRA",
  "n_test": 5711,
  "n_calibration_samples": 187152,
  "residual_std": 7.773,
  "before_bias": 0.0062,
  "after_bias": -0.0,
  "a": 1.1645770780453524,
  "b": 0.6612607065283566,
  "c": 0.3853301841089053
}