{"a": 1.3962207129076731, "b": 0.5664492196123042, "c": 0.7608109361783123}