{"a": 1.2454924639742688, "b": 0.6596892948122927, "c": 0.5283587355655706}