{"a": 1.342028951604568, "b": 0.49529958869606655, "c": 0.7873101844326096}