{"a": 1.3172518254397418, "b": 0.5111567612556017, "c": 0.6923939294427668}