{"a": 1.4791670115893671, "b": 0.4198136577177432, "c": 0.970026453214738}