{
  "stat": "PTS",
  "n_test": 5711,
  "n_calibration_samples": 132958,
  "residual_std": 6.0745,
  "before_bias": 0.0023,
  "after_bias": -0.0,
  "a": 1.3172518254397418,
  "b": 0.5111567612556017,
  "c": 0.6923939294427668
}