{
  "stat": "PTS",
  "n_test": 5706,
  "n_calibration_samples": 132848,
  "residual_std": 6.0745,
  "before_bias": 0.0021,
  "after_bias": -0.0,
  "a": 1.3181568652980988,
  "b": 0.508226368952612,
  "c": 0.6975634623443191
}