{"a": 1.3313095121201797, "b": 0.6700162147779615, "c": 0.5813770725816075}