{"a": 1.177955540088058, "b": 0.7348045587010557, "c": 0.2413525214038538}