{"a": 1.2726896994114216, "b": 0.7099540192733391, "c": 0.45129931874007756}