{
  "stat": "RA",
  "n_test": 5711,
  "n_calibration_samples": 78405,
  "residual_std": 3.3437,
  "before_bias": 0.0191,
  "after_bias": -0.0,
  "a": 1.177955540088058,
  "b": 0.7348045587010557,
  "c": 0.2413525214038538
}