{
  "stat": "RA",
  "n_test": 5706,
  "n_calibration_samples": 78351,
  "residual_std": 3.3437,
  "before_bias": 0.019,
  "after_bias": -0.0,
  "a": 1.1767085715422256,
  "b": 0.7358146440160033,
  "c": 0.24041810028706084
}