{"a": 1.386885851847394, "b": 0.6355595901953291, "c": 0.6245869097867192}