{
  "stat": "REB",
  "n_test": 5711,
  "n_calibration_samples": 48775,
  "residual_std": 2.4781,
  "before_bias": 0.0223,
  "after_bias": -0.0,
  "a": 1.3449271649006815,
  "b": 0.6402979033819958,
  "c": 0.4679629709101526
}