{"a": 1.3449271649006815, "b": 0.6402979033819958, "c": 0.4679629709101526}