{"a": 1.3780465844557082, "b": 0.6430025965501827, "c": 0.6325731886951079}