{"a": 0.9216328003728157, "b": 1.1373690640155134, "c": -0.22069988303856541}