{
  "stat": "STL",
  "n_test": 5711,
  "n_calibration_samples": 5711,
  "residual_std": 0.926,
  "before_bias": 0.0504,
  "after_bias": 0.0,
  "a": 1.5344629378844044,
  "b": 0.6032331376730986,
  "c": 0.45608076821953886
}