{"a": 1.5344629378844044, "b": 0.6032331376730986, "c": 0.45608076821953886}