{"a": 0.7492582561467945, "b": 1.1916956637889622, "c": -0.4518056761222192}