{"a": 2.1665826281594556, "b": -2.6057213001749253, "c": 3.160799424460955}