{"a": 1.2205487516068811, "b": 0.5291040127276097, "c": 1.0420291227913905}