{"a": 1.522290652941558, "b": 0.1985595876224259, "c": 1.1053647492408878}