{"a": 1.4442469173533161, "b": 0.70940034649635, "c": 0.6134886838352746}