{"a": 1.0910963360946486, "b": 0.22763418059879634, "c": 0.5555392029444566}