{"a": 1.093410319026779, "b": 0.45853585175036404, "c": -1.2748375956369846}