{"a": 1.3732926169853492, "b": 0.1252665121562558, "c": -0.15489319973964158}