{"a": 1.3316485178798592, "b": 0.09956295806911593, "c": -0.06494864772191686}