{"a": 1.589149276580233, "b": 0.24009522743703993, "c": 1.1212931764128027}