{"a": 1.0809390624231738, "b": 0.8536692604074639, "c": 0.6118352048895845}