{"type": "isotonic", "xs": [0.005000265849114616, 0.0050898102145985336, 0.005089825729872821, 0.005207775570702511, 0.005208652706808148, 0.006880936449238817, 0.006881655738847692, 0.008452115506590197, 0.008454784106865398, 0.013997753465254448, 0.01400257640250091, 0.015526567914899037, 0.015526968151802656, 0.015567061273428995, 0.015567985075165547, 0.015936031836467746, 0.01593941296134782, 0.017540988545087455, 0.017541490203135335, 0.019374756441057794, 0.01937544831255844, 0.0196829607194855, 0.01968492314700243, 0.019979806291621438, 0.019982771584642345, 0.02528406585901677, 0.025284236782116887, 0.031850415938133425, 0.03185120425515753, 0.03199319067823825, 0.03199422483857084, 0.03426758290894616, 0.034275121691604404, 0.0344289247653774, 0.03444120010520768, 0.04288427353274904, 0.04288625089278264, 0.046532333929264924, 0.046540804841550876, 0.048966764950355124, 0.04897413187013411, 0.0506698921610963, 0.05067052271476147, 0.05740818320662566, 0.05741422172011612, 0.061451666648643655, 0.0614561422354678, 0.06433754404291403, 0.06435483722888247, 0.07633714882188425, 0.07635426586206961, 0.07898925955764968, 0.07899296110056686, 0.15041830033403047, 0.15046133448279664, 0.15220142932616554, 0.15221849903165907, 0.1592979652031541, 0.1593146177170618, 0.15988801666853858, 0.1599526881592055, 0.16015602837510667, 0.1601631875447731, 0.17578659494991633, 0.17588355389501142, 0.1909498341942315, 0.19116586864021456, 0.19929720418884167, 0.19936755601789935, 0.25100041630444936, 0.25130462680612475, 0.2560395732598353, 0.25641060331955745, 0.2861405142235377, 0.2867590802790623, 0.2880590776705626, 0.28822358245169655, 0.29399905176663266, 0.29416845502707933, 0.2943373033811486, 0.2944055426996379, 0.29988131501687587, 0.3001956398878649, 0.3044250597450644, 0.3044565663286307, 0.3076304544381695, 0.3084957848414498, 0.31898620068699735, 0.31942312288305397, 0.33542097900884804, 0.335779246297059, 0.3520980001493612, 0.352150977306664, 0.3634390659338971, 0.3637658383743656, 0.392734129095313, 0.39303501083592884, 0.397381508718337, 0.397423922860056, 0.4615944825101246, 0.4616339780732117, 0.4688583357036086, 0.4689232004740833, 0.4948163935526493, 0.4949642060649674, 0.515731568159472, 0.5159396975479675, 0.5675446119425124], "ys": [0.001, 0.001, 0.002742230347349177, 0.002742230347349177, 0.007189072609633357, 0.007189072609633357, 0.008465879938429965, 0.008465879938429965, 0.010826844642195032, 0.010826844642195032, 0.0109720885466795, 0.0109720885466795, 0.01282051282051282, 0.01282051282051282, 0.01676270298585647, 0.01676270298585647, 0.01873262110346846, 0.01873262110346846, 0.019842218503466413, 0.019842218503466413, 0.020618556701030927, 0.020618556701030927, 0.02142857142857143, 0.02142857142857143, 0.023158445636530158, 0.023158445636530158, 0.02316301703163017, 0.02316301703163017, 0.031578947368421054, 0.031578947368421054, 0.03178484107579462, 0.03178484107579462, 0.041666666666666664, 0.041666666666666664, 0.04547262362455256, 0.04547262362455256, 0.048849224988257396, 0.048849224988257396, 0.04911955514365153, 0.04911955514365153, 0.05846153846153846, 0.05846153846153846, 0.062193126022913256, 0.062193126022913256, 0.06272273699215966, 0.06272273699215966, 0.07617051013277429, 0.07617051013277429, 0.08997493734335839, 0.08997493734335839, 0.09201877934272301, 0.09201877934272301, 0.09900765093553517, 0.09900765093553517, 0.1, 0.1, 0.10075566750629723, 0.10075566750629723, 0.15, 0.15, 0.2, 0.2, 0.25, 0.25, 0.272108843537415, 0.272108843537415, 0.33070866141732286, 0.33070866141732286, 0.3364864864864865, 0.3364864864864865, 0.5384615384615384, 0.5384615384615384, 0.5521327014218009, 0.5521327014218009, 0.5555555555555556, 0.5555555555555556, 0.6575342465753424, 0.6575342465753424, 0.6666666666666666, 0.6666666666666666, 0.6875, 0.6875, 0.7090909090909091, 0.7090909090909091, 0.7222222222222222, 0.7222222222222222, 0.75, 0.75, 0.7920792079207921, 0.7920792079207921, 0.7946428571428571, 0.7946428571428571, 0.9027777777777778, 0.9027777777777778, 0.9146341463414634, 0.9146341463414634, 0.9230769230769231, 0.9230769230769231, 0.9424424424424425, 0.9424424424424425, 0.9578947368421052, 0.9578947368421052, 0.9701579871269749, 0.9701579871269749, 0.9848484848484849, 0.9848484848484849, 0.999, 0.999]}