{"a": 1.0660504860379618, "b": 0.7051146725525645, "c": 0.22276862621655927}