{
  "stat": "AST",
  "n_test": 2323,
  "n_calibration_samples": 11411,
  "sigma": 1.276,
  "before_bias": 0.0091,
  "after_bias": -0.0,
  "a": 1.0660504860379618,
  "b": 0.7051146725525645,
  "c": 0.22276862621655927
}