{
  "stat": "BLK",
  "n_test": 2323,
  "n_calibration_samples": 2321,
  "sigma": 0.4854,
  "before_bias": 0.0081,
  "after_bias": 0.0001,
  "a": 1.2149405360608776,
  "b": 0.4814995982573666,
  "c": 0.44958748630931894
}