{"a": 1.2149405360608776, "b": 0.4814995982573666, "c": 0.44958748630931894}