{
  "stat": "FG3M",
  "n_test": 2323,
  "n_calibration_samples": 4531,
  "sigma": 0.7923,
  "before_bias": 0.0144,
  "after_bias": -0.0,
  "a": 0.8097162887832234,
  "b": 0.7478766078088562,
  "c": -0.11702455462824661
}