{"a": 0.8097162887832234, "b": 0.7478766078088562, "c": -0.11702455462824661}