{
  "stat": "FPTS",
  "n_test": 2323,
  "n_calibration_samples": 60560,
  "sigma": 6.5652,
  "before_bias": 0.0017,
  "after_bias": -0.0,
  "a": 0.5336827220678291,
  "b": 0.744948475968354,
  "c": -0.2793121482258926
}