{"a": 0.5336827220678291, "b": 0.744948475968354, "c": -0.2793121482258926}