{"a": 0.9667795460932853, "b": 0.49094882402039486, "c": 0.40112474854711155}