{
  "stat": "PA",
  "n_test": 2323,
  "n_calibration_samples": 45577,
  "sigma": 4.6684,
  "before_bias": -0.0075,
  "after_bias": 0.0,
  "a": 0.9667795460932853,
  "b": 0.49094882402039486,
  "c": 0.40112474854711155
}