{"a": 0.9473629651342477, "b": 0.5073539307414431, "c": 0.39048029136482104}