{
  "stat": "PR",
  "n_test": 2323,
  "n_calibration_samples": 51394,
  "sigma": 5.1218,
  "before_bias": -0.0108,
  "after_bias": 0.0,
  "a": 0.9473629651342477,
  "b": 0.5073539307414431,
  "c": 0.39048029136482104
}