{
  "stat": "PRA",
  "n_test": 2323,
  "n_calibration_samples": 56860,
  "sigma": 5.5966,
  "before_bias": -0.0119,
  "after_bias": 0.0001,
  "a": 0.9362096652989124,
  "b": 0.5173100508103294,
  "c": 0.3856195197935617
}