{"a": 0.9362096652989124, "b": 0.5173100508103294, "c": 0.3856195197935617}