{
  "stat": "PTS",
  "n_test": 2323,
  "n_calibration_samples": 41221,
  "sigma": 4.2157,
  "before_bias": -0.0101,
  "after_bias": 0.0,
  "a": 0.9766283385713764,
  "b": 0.4713713675625646,
  "c": 0.44455580905447006
}