{"a": 0.9766283385713764, "b": 0.4713713675625646, "c": 0.44455580905447006}