{
  "stat": "REB",
  "n_test": 2323,
  "n_calibration_samples": 17776,
  "sigma": 1.7897,
  "before_bias": 0.0106,
  "after_bias": -0.0001,
  "a": 1.052749554981435,
  "b": 0.6004037486222522,
  "c": 0.299041703814877
}