{"a": 1.052749554981435, "b": 0.6004037486222522, "c": 0.299041703814877}