{
  "applied": true,
  "delta_home": -0.0655065179578134,
  "delta_draw": 0.019905175533453716,
  "delta_away": 0.04560134242435948,
  "cap": 0.15,
  "n_val": 57,
  "val_acc_before": 0.7543859649122807,
  "val_acc_after": 0.8070175438596491,
  "val_brier_before": 0.32339815102053376,
  "val_brier_after": 0.30399744180588784,
  "actual_rates": {
    "home": 0.8070175438596491,
    "draw": 0.19298245614035087,
    "away": 0.0
  },
  "pred_means": {
    "home": 0.6951406012688077,
    "draw": 0.24559363466107542,
    "away": 0.05926576407011694
  },
  "raw_deltas": {
    "home": -0.11187694259084136,
    "draw": 0.052611178520724555,
    "away": 0.05926576407011694
  },
  "computed_at": "2026-06-10T16:07:03.684370",
  "notes": "Shrunk offset: blends 2022-WC global delta with pooled 2023+ delta to soften over-correction. Use shrinkage_weight to see the blend ratio. Apply only at is_neutral=1 matches.",
  "shrinkage_weight": 0.2,
  "shrinkage_components": {
    "delta_2022_wc": [
      -0.11187694259084136,
      0.052611178520724555,
      0.05926576407011694
    ],
    "delta_pooled_2023": [
      -0.0539139117995564,
      0.011728674786636,
      0.04218523701292012
    ],
    "weight_2022": 0.2,
    "weight_pooled": 0.8
  },
  "source": "shrunk_offset_sweep.py (best of sweep on 2023+ neutral subset)"
}