{
  "0": {
    "bins": [
      {
        "p_pred_min": 0.0,
        "p_pred_max": 0.05,
        "p_actual": 0.003048780487804878,
        "n": 656
      },
      {
        "p_pred_min": 0.05,
        "p_pred_max": 0.1,
        "p_actual": 0.14705882352941177,
        "n": 34
      }
    ]
  }
}