{
  "n_total": 87,
  "per_tournament": {
    "AC": {
      "n": 44,
      "actual_rates": [
        0.8409090909090909,
        0.1590909090909091,
        0.0
      ],
      "pred_means": [
        0.7732945610831272,
        0.18587878219650736,
        0.04082665672036552
      ],
      "raw_delta": [
        -0.06761452982596372,
        0.02678787310559827,
        0.04082665672036552
      ],
      "capped_delta": [
        -0.06761452982596372,
        0.02678787310559827,
        0.04082665672036552
      ],
      "brier_no_offset": 0.1787710535060859,
      "brier_global_offset": 0.17412339841172977,
      "brier_per_tc_offset": 0.1726979709046178
    },
    "EC": {
      "n": 43,
      "actual_rates": [
        0.7674418604651163,
        0.23255813953488372,
        0.0
      ],
      "pred_means": [
        0.7275471857158381,
        0.22887740208816298,
        0.04357541219599919
      ],
      "raw_delta": [
        -0.039894674749278214,
        -0.0036807374467207332,
        0.04357541219599919
      ],
      "capped_delta": [
        -0.039894674749278214,
        -0.0036807374467207332,
        0.04357541219599919
      ],
      "brier_no_offset": 0.35957806780391266,
      "brier_global_offset": 0.36068487478424865,
      "brier_per_tc_offset": 0.3557143972427079
    }
  },
  "pooled_2023_delta": [
    -0.0539139117995564,
    0.011728674786636,
    0.04218523701292012
  ]
}