{"a": 0.06193642806083134, "b": 2.7159483465722922, "c": -2.2550071889617516}