{"a": 0.04294891253742586, "b": 2.7470082956572854, "c": -2.2916743012224594}