{
  "stat": "1B",
  "n_test": 4318,
  "n_calibration_samples": 12950,
  "residual_std": 0.5939,
  "before_bias": 0.0012,
  "after_bias": -0.0,
  "a": 0.06193642806083134,
  "b": 2.7159483465722922,
  "c": -2.2550071889617516
}