{
  "stat": "1B",
  "n_test": 4226,
  "n_calibration_samples": 12673,
  "residual_std": 0.5939,
  "before_bias": 0.0006,
  "after_bias": 0.0,
  "a": 0.04294891253742586,
  "b": 2.7470082956572854,
  "c": -2.2916743012224594
}