{"a": 0.283986634750444, "b": 2.7982715071102926, "c": -1.6140058135720292}