{"a": 0.2729964807799019, "b": 3.1316097627915185, "c": -1.6800493960690837}