{
  "stat": "2B",
  "n_test": 4226,
  "n_calibration_samples": 8000,
  "residual_std": 0.2683,
  "before_bias": -0.015,
  "after_bias": 0.0,
  "a": 0.2729964807799019,
  "b": 3.1316097627915185,
  "c": -1.6800493960690837
}