{
  "stat": "2B",
  "n_test": 4318,
  "n_calibration_samples": 8177,
  "residual_std": 0.2683,
  "before_bias": -0.0149,
  "after_bias": -0.0,
  "a": 0.283986634750444,
  "b": 2.7982715071102926,
  "c": -1.6140058135720292
}