{"a": 1.6113232765069092, "b": 3.026155933896616, "c": 0.364493227219164}