{"a": 1.606413137609401, "b": 3.021747379529669, "c": 0.3719170135639257}