{
  "stat": "3B",
  "n_test": 4318,
  "n_calibration_samples": 8636,
  "residual_std": 0.0261,
  "before_bias": -0.0029,
  "after_bias": -0.0,
  "a": 1.6113232765069092,
  "b": 3.026155933896616,
  "c": 0.364493227219164
}