{
  "stat": "3B",
  "n_test": 4226,
  "n_calibration_samples": 8452,
  "residual_std": 0.0261,
  "before_bias": -0.0031,
  "after_bias": -0.0,
  "a": 1.606413137609401,
  "b": 3.021747379529669,
  "c": 0.3719170135639257
}