{"a": 0.49053262302297, "b": 1.7082652393978868, "c": -1.620518148529641}