{"a": 1.2358018911149733, "b": 0.8283335784066262, "c": 0.42762069012906323}