{
  "stat": "BB",
  "n_test": 6043,
  "n_calibration_samples": 12086,
  "residual_std": 0.6625174269387333,
  "before_bias": -0.0023,
  "after_bias": -0.0,
  "a": 1.2358018911149733,
  "b": 0.8283335784066262,
  "c": 0.42762069012906323
}