{
  "stat": "BB",
  "n_test": 5913,
  "n_calibration_samples": 11826,
  "residual_std": 0.6589367896189524,
  "before_bias": 0.0021,
  "after_bias": -0.0,
  "a": 1.2322119916667764,
  "b": 0.8307714322809591,
  "c": 0.3873006787782499
}