{"a": 1.2298453307652435, "b": 0.3063505329931468, "c": 0.863286422900134}