{
  "stat": "ER",
  "n_test": 1725,
  "n_calibration_samples": 6900,
  "residual_std": 1.3493403286560943,
  "before_bias": -0.0215,
  "after_bias": -0.0,
  "a": 1.2298453307652435,
  "b": 0.3063505329931468,
  "c": 0.863286422900134
}