{"a": 0.48931142328230104, "b": 1.1226980743968422, "c": -0.9232459515857994}