{
  "stat": "H+BB",
  "n_test": 6043,
  "n_calibration_samples": 24858,
  "residual_std": 0.9433,
  "before_bias": 0.0426,
  "after_bias": -0.0,
  "a": 0.48931142328230104,
  "b": 1.1226980743968422,
  "c": -0.9232459515857994
}