{"a": 0.803894603705365, "b": 1.0675267434163396, "c": -0.24796395415866465}