{"a": 1.4565207530203128, "b": 0.507917260706541, "c": 1.1828178694658251}