{
  "stat": "H",
  "n_test": 6043,
  "n_calibration_samples": 23920,
  "residual_std": 1.0768838664067373,
  "before_bias": -0.0365,
  "after_bias": 0.0,
  "a": 1.4565207530203128,
  "b": 0.507917260706541,
  "c": 1.1828178694658251
}