{
  "stat": "H",
  "n_test": 5913,
  "n_calibration_samples": 17500,
  "residual_std": 1.092627868071841,
  "before_bias": -0.052,
  "after_bias": 0.0,
  "a": 1.4555432779876571,
  "b": 0.6007921542958223,
  "c": 1.143111736672061
}