{"a": 0.1569836635933468, "b": 2.4346523689370905, "c": -1.7299363348208805}