{
  "stat": "H+R+RBI",
  "n_test": 6043,
  "n_calibration_samples": 40784,
  "residual_std": 1.881228824210392,
  "before_bias": -0.0298,
  "after_bias": 0.0,
  "a": 0.1569836635933468,
  "b": 2.4346523689370905,
  "c": -1.7299363348208805
}