{"a": 0.8563427787491866, "b": 1.6087816126980556, "c": 0.29024553857650826}