{"a": 0.22685843751182203, "b": 3.102960683803006, "c": -1.9610541430914596}