{
  "stat": "HR",
  "n_test": 5913,
  "n_calibration_samples": 5911,
  "residual_std": 0.2601523387490256,
  "before_bias": -0.0669,
  "after_bias": -0.0,
  "a": 0.5109761720345826,
  "b": 3.346252632682817,
  "c": -0.7633047084821459
}