{
  "stat": "HR",
  "n_test": 6043,
  "n_calibration_samples": 6043,
  "residual_std": 0.26070773188883356,
  "before_bias": -0.065,
  "after_bias": -0.0,
  "a": 0.8563427787491866,
  "b": 1.6087816126980556,
  "c": 0.29024553857650826
}