{"a": 2.2739376577321777, "b": 1.2252026002069154, "c": 0.8866719639712343}