{
  "stat": "IP",
  "n_test": 1725,
  "n_calibration_samples": 7913,
  "residual_std": 0.8408821011651697,
  "before_bias": 0.008,
  "after_bias": -0.0001,
  "a": 2.2739376577321777,
  "b": 1.2252026002069154,
  "c": 0.8866719639712343
}