{"a": 1.0566258368291401, "b": 0.7850903057139406, "c": 0.2956383604795315}