{"a": 1.5421950058038456, "b": -0.4983581797144387, "c": 1.4267391304786232}