{
  "stat": "R",
  "n_test": 4226,
  "n_calibration_samples": 8452,
  "residual_std": 0.6646677523240129,
  "before_bias": -0.0218,
  "after_bias": 0.0,
  "a": 1.4544298984749549,
  "b": -0.18560418001620363,
  "c": 1.2140459325354014
}