{
  "stat": "R",
  "n_test": 4318,
  "n_calibration_samples": 8636,
  "residual_std": 0.6645880491649004,
  "before_bias": -0.0186,
  "after_bias": 0.0,
  "a": 1.5421950058038456,
  "b": -0.4983581797144387,
  "c": 1.4267391304786232
}