{"a": 0.7933910834191998, "b": 0.1384685986468773, "c": -0.060354215737651665}