{
  "stat": "RBI",
  "n_test": 4226,
  "n_calibration_samples": 8452,
  "residual_std": 0.8130891965288253,
  "before_bias": -0.019,
  "after_bias": -0.0,
  "a": 1.5933039115022702,
  "b": -1.9896541583963012,
  "c": 1.8860809897294957
}