{"a": 1.500955582374667, "b": -1.592497231361664, "c": 1.6030481424704577}