{
  "stat": "RBI",
  "n_test": 4318,
  "n_calibration_samples": 8636,
  "residual_std": 0.8034062105107733,
  "before_bias": -0.0147,
  "after_bias": -0.0,
  "a": 1.500955582374667,
  "b": -1.592497231361664,
  "c": 1.6030481424704577
}