{"a": 1.3828760321742575, "b": 0.37555697327753146, "c": 1.54127861242116}