{"a": 1.051802494417725, "b": 0.0843642087094021, "c": -0.026025205281668285}