{
  "stat": "SB",
  "n_test": 4318,
  "n_calibration_samples": 4318,
  "residual_std": 0.17335621075487334,
  "before_bias": -0.0164,
  "after_bias": -0.0,
  "a": 1.3828760321742575,
  "b": 0.37555697327753146,
  "c": 1.54127861242116
}