{
  "stat": "SB",
  "n_test": 4226,
  "n_calibration_samples": 4226,
  "residual_std": 0.16757611038284942,
  "before_bias": -0.0118,
  "after_bias": -0.0,
  "a": 1.4023773742132393,
  "b": 0.395470172824597,
  "c": 1.4904563575110366
}