{"a": 0.561627583877817, "b": 0.9392232879478472, "c": -0.989528232890488}