{"a": 1.4695343778534118, "b": 0.7454868271227418, "c": 0.7020459490260175}