{"a": 1.0468064945565443, "b": 1.0980766021975759, "c": -0.2788895113807869}