{
  "stat": "SO",
  "n_test": 5913,
  "n_calibration_samples": 17578,
  "residual_std": 1.0057807767150357,
  "before_bias": -0.0046,
  "after_bias": -0.0,
  "a": 1.4423978772793364,
  "b": 0.8445444365153033,
  "c": 0.6249791795989172
}