{
  "stat": "SO",
  "n_test": 6043,
  "n_calibration_samples": 23997,
  "residual_std": 1.011449847910648,
  "before_bias": 0.0003,
  "after_bias": -0.0,
  "a": 1.4695343778534118,
  "b": 0.7454868271227418,
  "c": 0.7020459490260175
}