{"a": 0.7062561077371121, "b": 0.16703845462951672, "c": -0.06811374158329025}