{"a": 0.7479943911883385, "b": 0.9091832462719309, "c": -0.11299667251810148}