{
  "stat": "TB",
  "n_test": 6043,
  "n_calibration_samples": 30215,
  "residual_std": 1.7215530231606317,
  "before_bias": -0.0361,
  "after_bias": 0.0,
  "a": 0.7479943911883385,
  "b": 0.9091832462719309,
  "c": -0.11299667251810148
}