{
  "stat": "TB",
  "n_test": 5913,
  "n_calibration_samples": 23652,
  "residual_std": 1.7330034077148038,
  "before_bias": -0.0431,
  "after_bias": -0.0,
  "a": 0.43610170439365986,
  "b": 1.4741246343312717,
  "c": -0.7396084707887705
}